165215,21.03.2018
987456,21.03.2018
165215,5.03.2018
987456,5.03.2018
165215,5.03.2018
165215,23.03.2018
987456,23.03.2018
165215,23.03.2018
987456,19.03.2018
987456,24.03.2018
987456,14.03.2018
456867,14.03.2018
123477,22.03.2018
987456,23.03.2018
165215,8.03.2018
987456,21.03.2018
987456,14.03.2018
987456,4.03.2018
456867,4.03.2018
456867,17.03.2018
987456,17.03.2018
456867,17.03.2018
987456,12.03.2018
456867,12.03.2018
987456,12.03.2018
987456,18.03.2018
165215,18.03.2018
987456,14.03.2018
987456,7.03.2018
987456,25.03.2018
987456,30.03.2018
456867,14.03.2018
987456,0.03.2018
987456,07.11.18
456867,07.11.18
987456,07.11.18
